-- MySQL dump 10.15  Distrib 10.0.30-MariaDB, for Linux (x86_64)
--
-- Host: localhost    Database: staysimple_sometimesnaive_my_DB
-- ------------------------------------------------------
-- Server version	10.0.30-MariaDB

/*!40101 SET @OLD_CHARACTER_SET_CLIENT=@@CHARACTER_SET_CLIENT */;
/*!40101 SET @OLD_CHARACTER_SET_RESULTS=@@CHARACTER_SET_RESULTS */;
/*!40101 SET @OLD_COLLATION_CONNECTION=@@COLLATION_CONNECTION */;
/*!40101 SET NAMES utf8 */;
/*!40103 SET @OLD_TIME_ZONE=@@TIME_ZONE */;
/*!40103 SET TIME_ZONE='+00:00' */;
/*!40014 SET @OLD_UNIQUE_CHECKS=@@UNIQUE_CHECKS, UNIQUE_CHECKS=0 */;
/*!40014 SET @OLD_FOREIGN_KEY_CHECKS=@@FOREIGN_KEY_CHECKS, FOREIGN_KEY_CHECKS=0 */;
/*!40101 SET @OLD_SQL_MODE=@@SQL_MODE, SQL_MODE='NO_AUTO_VALUE_ON_ZERO' */;
/*!40111 SET @OLD_SQL_NOTES=@@SQL_NOTES, SQL_NOTES=0 */;

--
-- Table structure for table `Favorite_player`
--

DROP TABLE IF EXISTS `Favorite_player`;
/*!40101 SET @saved_cs_client     = @@character_set_client */;
/*!40101 SET character_set_client = utf8 */;
CREATE TABLE `Favorite_player` (
  `id` int(11) NOT NULL AUTO_INCREMENT,
  `Players_Name` text,
  `Users_ID` int(11) NOT NULL,
  PRIMARY KEY (`id`)
) ENGINE=MyISAM AUTO_INCREMENT=294 DEFAULT CHARSET=latin1;
/*!40101 SET character_set_client = @saved_cs_client */;

--
-- Dumping data for table `Favorite_player`
--

LOCK TABLES `Favorite_player` WRITE;
/*!40000 ALTER TABLE `Favorite_player` DISABLE KEYS */;
INSERT INTO `Favorite_player` (`id`, `Players_Name`, `Users_ID`) VALUES (243,'Marquese Chriss',111),(283,'Kawhi Leonard',106),(276,'Marcus Smart',119),(277,'Serge Ibaka',120),(278,'P.J. Tucker',120),(279,'Matthew Dellavedova',120),(280,'Michael Kidd-Gilchrist',120),(281,'Stephen Curry',121),(275,'Al Horford',119),(272,'Damian Lillard',119),(292,'James Harden',106),(270,'Kyrie Irving',118),(269,'Jimmy Butler ',107),(268,'Giannis Antetokounmpo',117),(267,'Dirk Nowitzki',117),(266,'Dwyane Wade',117),(265,'J.R. Smith',117),(264,'Paul George',117),(263,'Al Horford',117),(262,'DeMarcus Cousins',117),(260,'Anthony Davis',117),(258,'Isaiah Thomas',116),(257,'DeMarcus Cousins',116),(274,'Avery Bradley',119),(254,'Jeremy Lamb',115),(253,'Ersan Ilyasova',115),(251,'Kyle Lowry',115),(252,'Al Horford',115),(250,'Kemba Walker',115),(249,'Dwyane Wade',114),(248,'Giannis Antetokounmpo',114),(247,'Isaiah Thomas',113),(291,'James Harden',122),(244,'Quincy Acy',111),(242,'Al-Farouq Aminu',111),(245,'Blake Griffin',112),(240,'Giannis Antetokounmpo',110),(237,'Stephen Curry',108),(238,'Jimmy Butler',110),(239,'Stephen Curry',110),(236,'Carmelo Anthony',108),(234,'Kevin Durant',108),(293,'Russell Westbrook',106),(229,'John Wall ',107),(222,'Seth Curry',105),(221,'DeMar DeRozan',104),(290,'Kevin Durant',106),(226,'Marc Gasol',104),(217,'Damian Lillard  ',101),(227,'Kawhi Leonard ',107),(215,'Damian Lillard     ',100),(225,'Anthony Davis',104),(212,'Kyrie Irving      ',100),(284,'Karl-Anthony Towns',106),(287,'Kyrie Irving',106),(209,'Isaiah Thomas',99),(208,'DeMarcus Cousins',99),(205,'Kawhi Leonard',98),(285,'Dirk Nowitzki',106),(289,'LeBron James',107);
/*!40000 ALTER TABLE `Favorite_player` ENABLE KEYS */;
UNLOCK TABLES;

--
-- Table structure for table `Favorite_team`
--

DROP TABLE IF EXISTS `Favorite_team`;
/*!40101 SET @saved_cs_client     = @@character_set_client */;
/*!40101 SET character_set_client = utf8 */;
CREATE TABLE `Favorite_team` (
  `id` int(11) NOT NULL AUTO_INCREMENT,
  `Teams_Name` text,
  `Users_ID` int(11) NOT NULL,
  PRIMARY KEY (`id`)
) ENGINE=MyISAM AUTO_INCREMENT=157 DEFAULT CHARSET=latin1;
/*!40101 SET character_set_client = @saved_cs_client */;

--
-- Dumping data for table `Favorite_team`
--

LOCK TABLES `Favorite_team` WRITE;
/*!40000 ALTER TABLE `Favorite_team` DISABLE KEYS */;
INSERT INTO `Favorite_team` (`id`, `Teams_Name`, `Users_ID`) VALUES (149,'Brooklyn Nets',106),(156,'San Antonio Spurs',106),(147,'Milwaukee Bucks',106),(146,'New York Knicks',106),(144,'Oklahoma City Thunder',106),(143,'Milwaukee Bucks',120),(142,'Toronto Raptors',120),(141,'Boston Celtics',119),(140,'Oklahoma City Thunder',117),(139,'Los Angeles Lakers',117),(138,'New York Knicks',116),(137,'Indiana Pacers',116),(136,'Washington Wizards',116),(135,'Chicago Bulls',115),(134,'Charlotte Hornets',115),(133,'Brooklyn Nets',115),(132,'Philadelphia 76ers',115),(131,'Portland Trail Blazers',115),(130,'Los Angeles Lakers',114),(129,'Cleveland Cavaliers',114),(128,'Golden State Warriors',113),(127,'Boston Celtics',113),(126,'LA Clippers',112),(125,' Washington Wizards ',112),(155,'Indiana Pacers',122),(121,'Charlotte Hornets',111),(122,'Chicago Bulls',111),(123,'Cleveland Cavaliers',111),(120,'Brooklyn Nets',111),(119,'Boston Celtics',110),(118,'Cleveland Cavaliers',110),(117,'Golden State Warriors',110),(116,'Houston Rockets',108),(115,'Oklahoma City Thunder',108),(114,'Sacramento Kings',109),(113,'Chicago Bulls',108),(112,'Toronto Raptors',107),(111,'Houston Rockets',107),(110,'Washington Wizards',107),(109,'San Antonio Spurs',107),(108,'Philadelphia 76ers',104),(107,'Washington Wizards',105),(106,'   Utah Jazz   ',103),(105,'  Philadelphia 76ers  ',100),(145,'Portland Trail Blazers',106),(104,'  Portland Trail Blazers  ',100),(103,'New York Knicks',99),(102,'Indiana Pacers',99),(101,'Charlotte Hornets',99),(150,'Utah Jazz',106),(151,'Sacramento Kings',106),(152,'Boston Celtics',106),(153,'Chicago Bulls',106),(154,'Cleveland Cavaliers',106);
/*!40000 ALTER TABLE `Favorite_team` ENABLE KEYS */;
UNLOCK TABLES;

--
-- Table structure for table `Teams_Statistics`
--

DROP TABLE IF EXISTS `Teams_Statistics`;
/*!40101 SET @saved_cs_client     = @@character_set_client */;
/*!40101 SET character_set_client = utf8 */;
CREATE TABLE `Teams_Statistics` (
  `Team_name` varchar(255) NOT NULL,
  `GP` int(11) DEFAULT NULL,
  `W` int(11) DEFAULT NULL,
  `L` int(11) DEFAULT NULL,
  `Win_percent` double DEFAULT NULL,
  `Mini` double DEFAULT NULL,
  `PTS` double DEFAULT NULL,
  `FGM` double DEFAULT NULL,
  `FGA` double DEFAULT NULL,
  `FG_percent` double DEFAULT NULL,
  `3PM` double DEFAULT NULL,
  `3PA` double DEFAULT NULL,
  `3P_percent` double DEFAULT NULL,
  `FTM` double DEFAULT NULL,
  `FTA` double DEFAULT NULL,
  `FT_percent` double DEFAULT NULL,
  `OREB` double DEFAULT NULL,
  `DREB` double DEFAULT NULL,
  `REB` double DEFAULT NULL,
  `AST` double DEFAULT NULL,
  `TOV` double DEFAULT NULL,
  `STL` double DEFAULT NULL,
  `BLK` double DEFAULT NULL,
  `BLKA` double DEFAULT NULL,
  `PF` double DEFAULT NULL,
  `PFD` double DEFAULT NULL,
  `PLUS_MINUS` double DEFAULT NULL,
  `Conference` text,
  `short_name` text,
  `Location` varchar(50) DEFAULT NULL,
  PRIMARY KEY (`Team_name`)
) ENGINE=MyISAM DEFAULT CHARSET=latin1;
/*!40101 SET character_set_client = @saved_cs_client */;

--
-- Dumping data for table `Teams_Statistics`
--

LOCK TABLES `Teams_Statistics` WRITE;
/*!40000 ALTER TABLE `Teams_Statistics` DISABLE KEYS */;
INSERT INTO `Teams_Statistics` (`Team_name`, `GP`, `W`, `L`, `Win_percent`, `Mini`, `PTS`, `FGM`, `FGA`, `FG_percent`, `3PM`, `3PA`, `3P_percent`, `FTM`, `FTA`, `FT_percent`, `OREB`, `DREB`, `REB`, `AST`, `TOV`, `STL`, `BLK`, `BLKA`, `PF`, `PFD`, `PLUS_MINUS`, `Conference`, `short_name`, `Location`) VALUES ('Atlanta Hawks',66,37,29,0.561,48.5,104,38.5,84.4,45.7,8.9,25.9,34.4,18,24.8,72.4,10,34.2,44.2,23.6,15.6,8.4,5,5.2,18.1,21.6,-0.4,'E','ATL','Georgia'),('Boston Celtics',67,42,25,0.627,48.2,107.5,38.5,85,45.3,12.2,33.3,36.6,18.3,22.6,81.2,9,32.6,41.6,24.8,13.1,7.6,4.1,5.2,20.5,19.8,2.3,'E','BOS','Massachusetts'),('Brooklyn Nets',65,12,53,0.185,48.2,105.8,37.9,85.2,44.5,11.1,32.2,34.4,18.9,24,78.6,8.7,34.8,43.6,21.3,17,7.1,4.7,5.7,21.4,20.2,-8.3,'E','BKN','New York'),('Charlotte Hornets',66,29,37,0.439,48.5,105.2,37.7,85.7,44,10.2,28.7,35.5,19.6,24,81.5,9,35.8,44.8,23.3,12,6.7,4.9,5.7,17,20.1,0.9,'E','CHA','North Carolina'),('Chicago Bulls',66,31,35,0.47,48.2,101.8,38.1,86.8,43.9,6.8,21.2,32.2,18.7,23.5,79.7,12.5,33.6,46.1,21.7,13.6,7.8,4.7,4.8,17.6,19.2,-1.5,'E','CHI','Illinois'),('Cleveland Cavaliers',64,43,21,0.672,48.3,110.7,39.7,84.9,46.7,13.2,33.8,38.9,18.1,24.3,74.8,9.6,34.1,43.8,22.6,13.8,6.8,4,4.6,17.9,20.9,4.3,'E','CLE','Ohio'),('Dallas Mavericks',65,28,37,0.431,48.3,98.4,36.4,82,44.3,10.7,29.8,36,15,18.5,80.9,7.9,30.8,38.7,20.3,12,7.6,3.6,3.4,19.2,19.6,-1.4,'W','DAL','Texas'),('Denver Nuggets',66,31,35,0.47,48.2,110.7,40.7,87.5,46.6,10.5,28.4,36.9,18.7,24.5,76.3,12.4,34,46.3,24.8,15.3,7,4,4.8,19.5,20.3,-0.2,'W','DEN','Colorado'),('Detroit Pistons',66,33,33,0.5,48.3,102.3,40.2,88.2,45.5,7.8,23.3,33.4,14.2,19.6,72.3,10.6,34.4,45,21.3,11.9,7.3,3.8,4.1,17.9,17.6,0.2,'E','DET','Michigan'),('Golden State Warriors',66,52,14,0.788,48.3,116.3,43,87.5,49.2,11.8,31.3,37.9,18.4,23.2,79.1,9.4,35.2,44.6,30.3,14.7,9.7,6.6,3.9,19.3,19.8,11,'W','GS','California'),('Houston Rockets',66,45,21,0.682,48.3,115.1,40.2,86.8,46.3,14.7,40.5,36.2,20.1,26.2,76.7,10.8,33.2,44,25.3,15.2,8.3,4.5,5,20.1,20.4,6.9,'W','HOU','Texas'),('Indiana Pacers',66,34,32,0.515,48.4,104.7,39.1,84.1,46.4,8.4,22.6,37.1,18.2,22.5,81,8.6,33.1,41.7,22.5,13.9,8.2,5,5,19.7,19.8,-0.8,'E','IND','Indiana'),('Los Angeles Clippers',66,40,26,0.606,48.2,107.8,39.3,83.7,46.9,10.2,27.3,37.5,19,25.7,74.1,9.3,33.8,43.1,22.5,13.2,7.8,4.4,3.4,20.2,22.3,3.1,'W','LAC','California'),('Los Angeles Lakers',65,20,45,0.308,48,104.3,38.8,87.2,44.5,9.3,26.6,35.1,17.4,22.9,75.9,11.4,32.4,43.8,20.7,15.2,8,4,5.3,20.8,18.5,-6.7,'W','LAL','California'),('Memphis Grizzlies',66,36,30,0.545,48.6,101.2,36.5,84,43.4,9.1,26.1,35,19.2,24.5,78.2,10.9,32.1,43.1,21,12.9,8.3,4.4,5,23.3,21.4,0.4,'W','MEM','Tennessee'),('Miami Heat',67,32,35,0.478,48.2,102.3,38.8,85.7,45.3,9.8,26.9,36.5,14.9,21.3,69.9,10.5,33.4,44,21.3,13.3,7,5.6,4.9,20.5,18.5,0.6,'E','MIA','Florida'),('Milwaukee Bucks',65,32,33,0.492,48.2,105.1,39.3,82.3,47.7,8.5,23,37,18,23.4,76.9,9.1,31.7,40.8,24.5,14,8.3,5.4,4.9,20.4,19.8,0.8,'E','MIL','Wisconsin'),('Minnesota Timberwolves',65,27,38,0.415,48.3,104.7,39.2,84.3,46.5,7.5,21.6,34.9,18.8,23.8,78.9,11.6,31.6,43.2,23.4,14.3,7.8,4.5,5,20.2,20.6,-0.1,'W','MIN','Minnesota'),('New Orleans Pelicans',66,26,40,0.394,48.7,102.9,38.4,86.5,44.4,9.3,26.6,35.1,16.8,22.5,74.8,8.7,35.3,44,22.4,13.3,7.7,5.6,4.4,18.6,19.5,-3.2,'W','NO','Louisiana'),('New York Knicks',67,26,41,0.388,48.5,105.5,39.8,89,44.7,9.1,25.2,35.9,16.9,21.5,78.4,12.1,33.7,45.8,21.7,14.1,7.1,5.8,4.6,20.6,18.5,-3.3,'E','NY','New York'),('Oklahoma City Thunder',66,37,29,0.561,48.3,106.3,39.2,87,45.1,8.4,25.9,32.5,19.5,26,74.8,11.9,34.3,46.2,20.7,15,7.7,5.1,5.4,20.8,20.9,0.1,'W','OKC','Oklahoma'),('Orlando Magic',67,24,43,0.358,48.2,99.7,37.9,86.1,44.1,8.3,25.7,32.4,15.6,21.3,73,9.9,33,42.9,21.7,13.2,6.8,5,5,19.1,18.7,-6.4,'E','ORL','Florida'),('Philadelphia 76ers',65,23,42,0.354,48.4,101.8,37.4,85,44.1,10.2,29.3,34.6,16.8,22,76.3,9.7,33.1,42.8,23.5,16.8,8.3,5.2,5.3,21.7,19.9,-6.2,'E','PHI','Pennsylvania'),('Phoenix Suns',66,22,44,0.333,48.5,107.7,39.7,87.6,45.3,7.8,22.9,34.2,20.4,25.9,78.9,11.6,32.9,44.5,19.3,15.8,8.2,4.8,5.4,24.9,22,-5,'W','PHO','Arizona'),('Portland Trail Blazers',64,28,36,0.438,48.8,108.5,39.8,86.5,46,10.3,27.9,37,18.7,23.9,78,10,33.3,43.4,21.9,14,6.9,5.1,5.1,21.8,20.1,-2.1,'W','POR','Oregon'),('Sacramento Kings',66,25,41,0.379,48.6,102.8,37.6,82.3,45.7,9.1,24.7,37,18.5,23.7,77.9,9,32,41,22.5,14.6,7.9,3.9,5.2,20.7,20.6,-3.3,'W','SAC','California'),('San Antonio Spurs',65,51,14,0.785,48.3,106.5,39.5,83.6,47.3,9,22.9,39.4,18.4,22.9,80.5,9.8,34.2,44,23.8,13.3,8.1,5.9,4,18.3,20.2,8.2,'W','SA','Texas'),('Toronto Raptors',66,38,28,0.576,48.2,107.3,39.1,84.7,46.2,8.8,24.4,36.3,20.2,25.2,80.1,10.7,32.1,42.8,18.2,12.3,8.4,4.9,4.8,21,20.4,3.5,'E','TOR',''),('Utah Jazz',66,41,25,0.621,48.2,100.6,36.7,79,46.4,9.5,26,36.6,17.8,23.5,75.7,9.2,33.9,43.1,19.6,13.8,6.9,4.8,3.7,19.2,20.5,4.1,'W','UTA','Utah'),('Washington Wizards',65,41,24,0.631,48.5,109.2,41.4,87,47.6,9.1,24.1,37.8,17.3,22,78.7,10.3,32.8,43.1,23.9,14.2,8.6,4.2,4.4,21.2,19.8,2.5,'E','WAS','Wisconsin');
/*!40000 ALTER TABLE `Teams_Statistics` ENABLE KEYS */;
UNLOCK TABLES;

--
-- Table structure for table `game`
--

DROP TABLE IF EXISTS `game`;
/*!40101 SET @saved_cs_client     = @@character_set_client */;
/*!40101 SET character_set_client = utf8 */;
CREATE TABLE `game` (
  `date` varchar(50) NOT NULL,
  `road` varchar(50) NOT NULL,
  `RPT` int(11) DEFAULT NULL,
  `home` varchar(50) NOT NULL,
  `HPT` int(11) DEFAULT NULL,
  PRIMARY KEY (`date`,`home`,`road`)
) ENGINE=MyISAM DEFAULT CHARSET=latin1;
/*!40101 SET character_set_client = @saved_cs_client */;

--
-- Dumping data for table `game`
--

LOCK TABLES `game` WRITE;
/*!40000 ALTER TABLE `game` DISABLE KEYS */;
INSERT INTO `game` (`date`, `road`, `RPT`, `home`, `HPT`) VALUES ('1-Mar-17','Dallas Mavericks',95,'Atlanta Hawks',100),('1-Mar-17','Cleveland Cavaliers',99,'Boston Celtics',103),('1-Mar-17','Houston Rockets',122,'Los Angeles Clippers',103),('1-Mar-17','Philadelphia 76ers',98,'Miami Heat',125),('1-Mar-17','Denver Nuggets',110,'Milwaukee Bucks',98),('1-Mar-17','Detroit Pistons',86,'New Orleans Pelicans',109),('1-Mar-17','New York Knicks',101,'Orlando Magic',90),('1-Mar-17','Brooklyn Nets',109,'Sacramento Kings',100),('1-Mar-17','Indiana Pacers',99,'San Antonio Spurs',100),('1-Mar-17','Washington Wizards',105,'Toronto Raptors',96),('1-Mar-17','Minnesota Timberwolves',107,'Utah Jazz',80),('2-Mar-17','Golden State Warriors',87,'Chicago Bulls',94),('2-Mar-17','Charlotte Hornets',103,'Phoenix Suns',120),('2-Mar-17','Oklahoma City Thunder',109,'Portland Trail Blazers',114),('3-Mar-17','Cleveland Cavaliers',135,'Atlanta Hawks',130),('3-Mar-17','Memphis Grizzlies',100,'Dallas Mavericks',104),('3-Mar-17','Boston Celtics',115,'Los Angeles Lakers',95),('3-Mar-17','Los Angeles Clippers',101,'Milwaukee Bucks',112),('3-Mar-17','Miami Heat',99,'Orlando Magic',110),('3-Mar-17','New York Knicks',102,'Philadelphia 76ers',105),('3-Mar-17','Oklahoma City Thunder',111,'Phoenix Suns',118),('3-Mar-17','Brooklyn Nets',97,'Utah Jazz',112),('3-Mar-17','Toronto Raptors',114,'Washington Wizards',106),('4-Mar-17','Los Angeles Clippers',101,'Chicago Bulls',91),('4-Mar-17','Charlotte Hornets',112,'Denver Nuggets',102),('4-Mar-17','Memphis Grizzlies',108,'Houston Rockets',123),('4-Mar-17','Cleveland Cavaliers',92,'Miami Heat',120),('4-Mar-17','Toronto Raptors',94,'Milwaukee Bucks',101),('4-Mar-17','Detroit Pistons',136,'Philadelphia 76ers',106),('4-Mar-17','Brooklyn Nets',116,'Portland Trail Blazers',130),('4-Mar-17','Minnesota Timberwolves',90,'San Antonio Spurs',97),('5-Mar-17','Indiana Pacers',97,'Atlanta Hawks',96),('5-Mar-17','Oklahoma City Thunder',89,'Dallas Mavericks',104),('5-Mar-17','New Orleans Pelicans',105,'Los Angeles Lakers',97),('5-Mar-17','Golden State Warriors',112,'New York Knicks',105),('5-Mar-17','Boston Celtics',106,'Phoenix Suns',109),('5-Mar-17','Utah Jazz',110,'Sacramento Kings',109),('5-Mar-17','Orlando Magic',114,'Washington Wizards',115),('6-Mar-17','Golden State Warriors',119,'Atlanta Hawks',111),('6-Mar-17','Indiana Pacers',88,'Charlotte Hornets',100),('6-Mar-17','Miami Heat',106,'Cleveland Cavaliers',98),('6-Mar-17','Sacramento Kings',96,'Denver Nuggets',108),('6-Mar-17','Chicago Bulls',95,'Detroit Pistons',109),('6-Mar-17','Boston Celtics',102,'Los Angeles Clippers',116),('6-Mar-17','Brooklyn Nets',122,'Memphis Grizzlies',109),('6-Mar-17','New York Knicks',113,'Orlando Magic',105),('6-Mar-17','Milwaukee Bucks',112,'Philadelphia 76ers',98),('6-Mar-17','Houston Rockets',110,'San Antonio Spurs',112),('6-Mar-17','New Orleans Pelicans',83,'Utah Jazz',88),('7-Mar-17','Los Angeles Lakers',111,'Dallas Mavericks',122),('7-Mar-17','Portland Trail Blazers',126,'Oklahoma City Thunder',121),('7-Mar-17','Washington Wizards',131,'Phoenix Suns',127),('8-Mar-17','Brooklyn Nets',105,'Atlanta Hawks',110),('8-Mar-17','Washington Wizards',123,'Denver Nuggets',113),('8-Mar-17','Boston Celtics',99,'Golden State Warriors',86),('8-Mar-17','Utah Jazz',115,'Houston Rockets',108),('8-Mar-17','Detroit Pistons',98,'Indiana Pacers',115),('8-Mar-17','Charlotte Hornets',101,'Miami Heat',108),('8-Mar-17','New York Knicks',93,'Milwaukee Bucks',104),('8-Mar-17','Los Angeles Clippers',91,'Minnesota Timberwolves',107),('8-Mar-17','Toronto Raptors',94,'New Orleans Pelicans',87),('8-Mar-17','Chicago Bulls',91,'Orlando Magic',98),('8-Mar-17','Sacramento Kings',104,'San Antonio Spurs',114),('9-Mar-17','Cleveland Cavaliers',101,'Detroit Pistons',106),('9-Mar-17','Los Angeles Clippers',114,'Memphis Grizzlies',98),('9-Mar-17','San Antonio Spurs',92,'Oklahoma City Thunder',102),('9-Mar-17','Los Angeles Lakers',122,'Phoenix Suns',110),('9-Mar-17','Philadelphia 76ers',108,'Portland Trail Blazers',114),('10-Mar-17','Toronto Raptors',99,'Atlanta Hawks',105),('10-Mar-17','Houston Rockets',115,'Chicago Bulls',94),('10-Mar-17','Orlando Magic',81,'Charlotte Hornets',121),('10-Mar-17','Brooklyn Nets',96,'Dallas Mavericks',105),('10-Mar-17','Boston Celtics',99,'Denver Nuggets',119),('10-Mar-17','Indiana Pacers',85,'Milwaukee Bucks',99),('10-Mar-17','Golden State Warriors',102,'Minnesota Timberwolves',103),('10-Mar-17','Washington Wizards',130,'Sacramento Kings',122),('11-Mar-17','New Orleans Pelicans',125,'Charlotte Hornets',122),('11-Mar-17','Phoenix Suns',100,'Dallas Mavericks',98),('11-Mar-17','New York Knicks',92,'Detroit Pistons',112),('11-Mar-17','Philadelphia 76ers',100,'Los Angeles Clippers',112),('11-Mar-17','Atlanta Hawks',107,'Memphis Grizzlies',90),('11-Mar-17','Toronto Raptors',89,'Miami Heat',104),('11-Mar-17','Minnesota Timberwolves',95,'Milwaukee Bucks',102),('11-Mar-17','Utah Jazz',104,'Oklahoma City Thunder',112),('11-Mar-17','Cleveland Cavaliers',116,'Orlando Magic',104),('11-Mar-17','Washington Wizards',125,'Portland Trail Blazers',124),('11-Mar-17','Denver Nuggets',105,'Sacramento Kings',92),('11-Mar-17','Golden State Warriors',85,'San Antonio Spurs',107),('12-Mar-17','Chicago Bulls',80,'Boston Celtics',100),('12-Mar-17','New York Knicks',112,'Brooklyn Nets',120),('12-Mar-17','Cleveland Cavaliers',112,'Houston Rockets',117),('12-Mar-17','Miami Heat',98,'Indiana Pacers',102),('12-Mar-17','Philadelphia 76ers',118,'Los Angeles Lakers',116),('12-Mar-17','Portland Trail Blazers',110,'Phoenix Suns',101),('13-Mar-17','Chicago Bulls',115,'Charlotte Hornets',109),('13-Mar-17','Los Angeles Lakers',101,'Denver Nuggets',129),('13-Mar-17','Milwaukee Bucks',93,'Memphis Grizzlies',113),('13-Mar-17','Washington Wizards',104,'Minnesota Timberwolves',119),('13-Mar-17','Orlando Magic',115,'Sacramento Kings',120),('13-Mar-17','Atlanta Hawks',99,'San Antonio Spurs',107),('13-Mar-17','Dallas Mavericks',78,'Toronto Raptors',100),('13-Mar-17','Los Angeles Clippers',108,'Utah Jazz',114),('14-Mar-17','Oklahoma City Thunder',122,'Brooklyn Nets',104),('14-Mar-17','Detroit Pistons',96,'Cleveland Cavaliers',128),('14-Mar-17','Philadelphia 76ers',104,'Golden State Warriors',106),('14-Mar-17','Portland Trail Blazers',77,'New Orleans Pelicans',100),('14-Mar-17','Indiana Pacers',81,'New York Knicks',87),('15-Mar-17','Minnesota Timberwolves',104,'Boston Celtics',117),('15-Mar-17','Memphis Grizzlies',98,'Chicago Bulls',91),('15-Mar-17','Utah Jazz',97,'Detroit Pistons',83),('15-Mar-17','Los Angeles Lakers',100,'Houston Rockets',139),('15-Mar-17','Charlotte Hornets',77,'Indiana Pacers',98),('15-Mar-17','Milwaukee Bucks',97,'Los Angeles Clippers',96),('15-Mar-17','New Orleans Pelicans',112,'Miami Heat',120),('15-Mar-17','Sacramento Kings',107,'Phoenix Suns',101),('15-Mar-17','Portland Trail Blazers',110,'San Antonio Spurs',106),('15-Mar-17','Dallas Mavericks',112,'Washington Wizards',107),('16-Mar-17','Memphis Grizzlies',103,'Atlanta Hawks',91),('16-Mar-17','Utah Jazz',83,'Cleveland Cavaliers',91),('16-Mar-17','Los Angeles Clippers',114,'Denver Nuggets',129),('16-Mar-17','Orlando Magic',92,'Golden State Warriors',122),('16-Mar-17','Brooklyn Nets',121,'New York Knicks',110),('16-Mar-17','Oklahoma City Thunder',123,'Toronto Raptors',102),('17-Mar-17','Boston Celtics',98,'Brooklyn Nets',95),('17-Mar-17','Toronto Raptors',87,'Detroit Pistons',75),('17-Mar-17','Milwaukee Bucks',107,'Los Angeles Lakers',103),('17-Mar-17','Minnesota Timberwolves',105,'Miami Heat',123),('17-Mar-17','Houston Rockets',112,'New Orleans Pelicans',128),('17-Mar-17','Dallas Mavericks',74,'Philadelphia 76ers',116),('17-Mar-17','Orlando Magic',109,'Phoenix Suns',103),('17-Mar-17','Chicago Bulls',107,'Washington Wizards',112),('18-Mar-17','Portland Trail Blazers',113,'Atlanta Hawks',97),('18-Mar-17','Utah Jazz',86,'Chicago Bulls',95),('18-Mar-17','Washington Wizards',93,'Charlotte Hornets',98),('18-Mar-17','Houston Rockets',109,'Denver Nuggets',105),('18-Mar-17','Milwaukee Bucks',92,'Golden State Warriors',117),('18-Mar-17','Cleveland Cavaliers',78,'Los Angeles Clippers',108),('18-Mar-17','San Antonio Spurs',96,'Memphis Grizzlies',104),('18-Mar-17','Sacramento Kings',94,'Oklahoma City Thunder',110),('19-Mar-17','Dallas Mavericks',111,'Brooklyn Nets',104),('19-Mar-17','Phoenix Suns',95,'Detroit Pistons',112),('19-Mar-17','Cleveland Cavaliers',125,'Los Angeles Lakers',120),('19-Mar-17','Portland Trail Blazers',115,'Miami Heat',104),('19-Mar-17','Minnesota Timberwolves',109,'New Orleans Pelicans',123),('19-Mar-17','Boston Celtics',99,'Philadelphia 76ers',105),('19-Mar-17','Sacramento Kings',102,'San Antonio Spurs',118),('19-Mar-17','Indiana Pacers',91,'Toronto Raptors',116),('20-Mar-17','Washington Wizards',102,'Boston Celtics',110),('20-Mar-17','Atlanta Hawks',90,'Charlotte Hornets',105),('20-Mar-17','Denver Nuggets',124,'Houston Rockets',125),('20-Mar-17','Utah Jazz',100,'Indiana Pacers',107),('20-Mar-17','New York Knicks',105,'Los Angeles Clippers',114),('20-Mar-17','Golden State Warriors',111,'Oklahoma City Thunder',95),('20-Mar-17','Philadelphia 76ers',109,'Orlando Magic',112),('21-Mar-17','Detroit Pistons',96,'Brooklyn Nets',98),('21-Mar-17','Golden State Warriors',112,'Dallas Mavericks',87),('21-Mar-17','Los Angeles Clippers',133,'Los Angeles Lakers',109),('21-Mar-17','Phoenix Suns',97,'Miami Heat',112),('21-Mar-17','San Antonio Spurs',100,'Minnesota Timberwolves',93),('21-Mar-17','Memphis Grizzlies',82,'New Orleans Pelicans',95),('21-Mar-17','Milwaukee Bucks',93,'Portland Trail Blazers',90),('21-Mar-17','Chicago Bulls',120,'Toronto Raptors',122),('22-Mar-17','Indiana Pacers',100,'Boston Celtics',109),('22-Mar-17','Detroit Pistons',95,'Chicago Bulls',117),('22-Mar-17','Cleveland Cavaliers',113,'Denver Nuggets',126),('22-Mar-17','Philadelphia 76ers',97,'Oklahoma City Thunder',122),('22-Mar-17','Charlotte Hornets',109,'Orlando Magic',102),('22-Mar-17','Milwaukee Bucks',116,'Sacramento Kings',98),('22-Mar-17','New York Knicks',101,'Utah Jazz',108),('22-Mar-17','Atlanta Hawks',100,'Washington Wizards',104),('23-Mar-17','Phoenix Suns',98,'Brooklyn Nets',126),('23-Mar-17','Los Angeles Clippers',95,'Dallas Mavericks',97),('23-Mar-17','Toronto Raptors',101,'Miami Heat',84),('23-Mar-17','New York Knicks',95,'Portland Trail Blazers',110),('23-Mar-17','Memphis Grizzlies',90,'San Antonio Spurs',97),('24-Mar-17','Phoenix Suns',120,'Boston Celtics',130),('24-Mar-17','Philadelphia 76ers',117,'Chicago Bulls',107),('24-Mar-17','Cleveland Cavaliers',112,'Charlotte Hornets',105),('24-Mar-17','Sacramento Kings',100,'Golden State Warriors',114),('24-Mar-17','New Orleans Pelicans',107,'Houston Rockets',117),('24-Mar-17','Denver Nuggets',125,'Indiana Pacers',117),('24-Mar-17','Minnesota Timberwolves',119,'Los Angeles Lakers',130),('24-Mar-17','Atlanta Hawks',97,'Milwaukee Bucks',100),('24-Mar-17','Detroit Pistons',87,'Orlando Magic',115),('24-Mar-17','Brooklyn Nets',108,'Washington Wizards',129),('25-Mar-17','Washington Wizards',127,'Cleveland Cavaliers',115),('25-Mar-17','Toronto Raptors',94,'Dallas Mavericks',86),('25-Mar-17','Utah Jazz',95,'Los Angeles Clippers',108),('25-Mar-17','Minnesota Timberwolves',100,'Portland Trail Blazers',112),('25-Mar-17','New York Knicks',98,'San Antonio Spurs',106),('26-Mar-17','Brooklyn Nets',107,'Atlanta Hawks',92),('26-Mar-17','Miami Heat',108,'Boston Celtics',112),('26-Mar-17','Phoenix Suns',106,'Charlotte Hornets',120),('26-Mar-17','New Orleans Pelicans',115,'Denver Nuggets',90),('26-Mar-17','Memphis Grizzlies',94,'Golden State Warriors',106),('26-Mar-17','Oklahoma City Thunder',125,'Houston Rockets',137),('26-Mar-17','Philadelphia 76ers',94,'Indiana Pacers',107),('26-Mar-17','Sacramento Kings',98,'Los Angeles Clippers',97),('26-Mar-17','Portland Trail Blazers',97,'Los Angeles Lakers',81),('26-Mar-17','Chicago Bulls',109,'Milwaukee Bucks',94),('27-Mar-17','Oklahoma City Thunder',92,'Dallas Mavericks',91),('27-Mar-17','Detroit Pistons',95,'New York Knicks',109),('27-Mar-17','Memphis Grizzlies',90,'Sacramento Kings',91),('27-Mar-17','Cleveland Cavaliers',74,'San Antonio Spurs',103),('27-Mar-17','Orlando Magic',112,'Toronto Raptors',131),('27-Mar-17','New Orleans Pelicans',100,'Utah Jazz',108),('28-Mar-17','Phoenix Suns',91,'Atlanta Hawks',95),('28-Mar-17','Philadelphia 76ers',106,'Brooklyn Nets',101),('28-Mar-17','Milwaukee Bucks',118,'Charlotte Hornets',108),('28-Mar-17','Miami Heat',97,'Detroit Pistons',96),('28-Mar-17','Golden State Warriors',113,'Houston Rockets',106),('28-Mar-17','Minnesota Timberwolves',115,'Indiana Pacers',114),('28-Mar-17','Washington Wizards',119,'Los Angeles Lakers',108),('28-Mar-17','Denver Nuggets',113,'Portland Trail Blazers',122),('29-Mar-17','Milwaukee Bucks',103,'Boston Celtics',100),('29-Mar-17','Washington Wizards',124,'Los Angeles Clippers',133),('29-Mar-17','Indiana Pacers',97,'Memphis Grizzlies',110),('29-Mar-17','Dallas Mavericks',118,'New Orleans Pelicans',121),('29-Mar-17','Miami Heat',105,'New York Knicks',88),('29-Mar-17','Oklahoma City Thunder',114,'Orlando Magic',106),('29-Mar-17','Atlanta Hawks',99,'Philadelphia 76ers',92),('29-Mar-17','Utah Jazz',112,'Sacramento Kings',82),('29-Mar-17','Golden State Warriors',110,'San Antonio Spurs',98),('29-Mar-17','Charlotte Hornets',110,'Toronto Raptors',106),('30-Mar-17','Cleveland Cavaliers',93,'Chicago Bulls',99),('30-Mar-17','Brooklyn Nets',89,'Detroit Pistons',90),('30-Mar-17','Los Angeles Lakers',104,'Minnesota Timberwolves',119),('30-Mar-17','Los Angeles Clippers',124,'Phoenix Suns',118),('30-Mar-17','Houston Rockets',107,'Portland Trail Blazers',117),('31-Mar-17','Orlando Magic',116,'Boston Celtics',117),('31-Mar-17','Denver Nuggets',114,'Charlotte Hornets',122),('31-Mar-17','Philadelphia 76ers',105,'Cleveland Cavaliers',122),('31-Mar-17','Houston Rockets',98,'Golden State Warriors',107),('31-Mar-17','Dallas Mavericks',90,'Memphis Grizzlies',99),('31-Mar-17','New York Knicks',98,'Miami Heat',94),('31-Mar-17','Detroit Pistons',105,'Milwaukee Bucks',108),('31-Mar-17','Sacramento Kings',89,'New Orleans Pelicans',117),('31-Mar-17','San Antonio Spurs',100,'Oklahoma City Thunder',95),('31-Mar-17','Indiana Pacers',100,'Toronto Raptors',111),('31-Mar-17','Washington Wizards',88,'Utah Jazz',95);
/*!40000 ALTER TABLE `game` ENABLE KEYS */;
UNLOCK TABLES;

--
-- Table structure for table `game4`
--

DROP TABLE IF EXISTS `game4`;
/*!40101 SET @saved_cs_client     = @@character_set_client */;
/*!40101 SET character_set_client = utf8 */;
CREATE TABLE `game4` (
  `date` varchar(50) NOT NULL DEFAULT '',
  `time` varchar(50) DEFAULT NULL,
  `road` varchar(50) NOT NULL DEFAULT '',
  `home` varchar(50) NOT NULL DEFAULT '',
  `gid` int(11) NOT NULL,
  PRIMARY KEY (`gid`)
) ENGINE=MyISAM DEFAULT CHARSET=latin1;
/*!40101 SET character_set_client = @saved_cs_client */;

--
-- Dumping data for table `game4`
--

LOCK TABLES `game4` WRITE;
/*!40000 ALTER TABLE `game4` DISABLE KEYS */;
INSERT INTO `game4` (`date`, `time`, `road`, `home`, `gid`) VALUES ('1-Apr-17','5:00 PM','Atlanta Hawks','Chicago Bulls',1),('1-Apr-17','3:30 PM','Los Angeles Lakers','Los Angeles Clippers',2),('1-Apr-17','8:00 PM','Sacramento Kings','Minnesota Timberwolves',3),('1-Apr-17','10:00 PM','Phoenix Suns','Portland Trail Blazers',4),('2-Apr-17','6:00 PM','Atlanta Hawks','Brooklyn Nets',5),('2-Apr-17','6:00 PM','Indiana Pacers','Cleveland Cavaliers',6),('2-Apr-17','8:00 PM','Washington Wizards','Golden State Warriors',7),('2-Apr-17','3:30 PM','Memphis Grizzlies','Los Angeles Lakers',8),('2-Apr-17','6:00 PM','Denver Nuggets','Miami Heat',9),('2-Apr-17','3:30 PM','Dallas Mavericks','Milwaukee Bucks',10),('2-Apr-17','6:00 PM','Chicago Bulls','New Orleans Pelicans',11),('2-Apr-17','1:00 PM','Boston Celtics','New York Knicks',12),('2-Apr-17','3:00 PM','Charlotte Hornets','Oklahoma City Thunder',13),('2-Apr-17','9:00 PM','Houston Rockets','Phoenix Suns',14),('2-Apr-17','3:30 PM','Utah Jazz','San Antonio Spurs',15),('2-Apr-17','6:00 PM','Philadelphia 76ers','Toronto Raptors',16),('3-Apr-17','7:00 PM','Portland Trail Blazers','Minnesota Timberwolves',17),('4-Apr-17','7:00 PM','Orlando Magic','Cleveland Cavaliers',18),('4-Apr-17','10:30 PM','Minnesota Timberwolves','Golden State Warriors',19),('4-Apr-17','7:00 PM','Toronto Raptors','Indiana Pacers',20),('4-Apr-17','8:00 PM','Denver Nuggets','New Orleans Pelicans',21),('4-Apr-17','8:00 PM','Chicago Bulls','New York Knicks',22),('4-Apr-17','8:00 PM','Milwaukee Bucks','Oklahoma City Thunder',23),('4-Apr-17','7:00 PM','Brooklyn Nets','Philadelphia 76ers',24),('4-Apr-17','10:30 PM','Dallas Mavericks','Sacramento Kings',25),('4-Apr-17','8:30 PM','Memphis Grizzlies','San Antonio Spurs',26),('4-Apr-17','9:00 PM','Portland Trail Blazers','Utah Jazz',27),('4-Apr-17','7:00 PM','Charlotte Hornets','Washington Wizards',28),('5-Apr-17','8:00 PM','Cleveland Cavaliers','Boston Celtics',29),('5-Apr-17','7:00 PM','Miami Heat','Charlotte Hornets',30),('5-Apr-17','7:30 PM','Toronto Raptors','Detroit Pistons',31),('5-Apr-17','8:00 PM','Denver Nuggets','Houston Rockets',32),('5-Apr-17','10:30 PM','Dallas Mavericks','Los Angeles Clippers',33),('5-Apr-17','8:00 PM','Oklahoma City Thunder','Memphis Grizzlies',34),('5-Apr-17','10:00 PM','Golden State Warriors','Phoenix Suns',35),('5-Apr-17','8:30 PM','Los Angeles Lakers','San Antonio Spurs',36),('6-Apr-17','8:00 PM','Boston Celtics','Atlanta Hawks',37),('6-Apr-17','7:00 PM','Milwaukee Bucks','Indiana Pacers',38),('6-Apr-17','7:30 PM','Washington Wizards','New York Knicks',39),('6-Apr-17','7:00 PM','Brooklyn Nets','Orlando Magic',40),('6-Apr-17','7:00 PM','Chicago Bulls','Philadelphia 76ers',41),('6-Apr-17','10:30 PM','Minnesota Timberwolves','Portland Trail Blazers',42),('7-Apr-17','7:30 PM','Atlanta Hawks','Cleveland Cavaliers',43),('7-Apr-17','8:30 PM','San Antonio Spurs','Dallas Mavericks',44),('7-Apr-17','9:00 PM','New Orleans Pelicans','Denver Nuggets',45),('7-Apr-17','8:00 PM','Detroit Pistons','Houston Rockets',46),('7-Apr-17','10:30 PM','Sacramento Kings','Los Angeles Lakers',47),('7-Apr-17','8:00 PM','New York Knicks','Memphis Grizzlies',48),('7-Apr-17','10:00 PM','Oklahoma City Thunder','Phoenix Suns',49),('7-Apr-17','7:30 PM','Miami Heat','Toronto Raptors',50),('7-Apr-17','9:00 PM','Minnesota Timberwolves','Utah Jazz',51),('8-Apr-17','5:00 PM','Chicago Bulls','Brooklyn Nets',52),('8-Apr-17','6:00 PM','Boston Celtics','Charlotte Hornets',53),('8-Apr-17','10:30 PM','New Orleans Pelicans','Golden State Warriors',54),('8-Apr-17','6:00 PM','Indiana Pacers','Orlando Magic',55),('8-Apr-17','7:00 PM','Milwaukee Bucks','Philadelphia 76ers',56),('8-Apr-17','10:00 PM','Utah Jazz','Portland Trail Blazers',57),('8-Apr-17','8:30 PM','Los Angeles Clippers','San Antonio Spurs',58),('8-Apr-17','7:00 PM','Miami Heat','Washington Wizards',59),('9-Apr-17','3:30 PM','Cleveland Cavaliers','Atlanta Hawks',60),('9-Apr-17','5:00 PM','Oklahoma City Thunder','Denver Nuggets',61),('9-Apr-17','9:30 PM','Minnesota Timberwolves','Los Angeles Lakers',62),('9-Apr-17','6:00 PM','Detroit Pistons','Memphis Grizzlies',63),('9-Apr-17','12:00 PM','Toronto Raptors','New York Knicks',64),('9-Apr-17','6:00 PM','Dallas Mavericks','Phoenix Suns',65),('9-Apr-17','6:00 PM','Houston Rockets','Sacramento Kings',66),('10-Apr-17','7:30 PM','Brooklyn Nets','Boston Celtics',67),('10-Apr-17','8:00 PM','Orlando Magic','Chicago Bulls',68),('10-Apr-17','8:00 PM','Washington Wizards','Detroit Pistons',69),('10-Apr-17','10:30 PM','Utah Jazz','Golden State Warriors',70),('10-Apr-17','10:30 PM','Houston Rockets','Los Angeles Clippers',71),('10-Apr-17','7:30 PM','Cleveland Cavaliers','Miami Heat',72),('10-Apr-17','8:00 PM','Charlotte Hornets','Milwaukee Bucks',73),('10-Apr-17','7:00 PM','Indiana Pacers','Philadelphia 76ers',74),('10-Apr-17','10:00 PM','San Antonio Spurs','Portland Trail Blazers',75),('11-Apr-17','7:30 PM','Charlotte Hornets','Atlanta Hawks',76),('11-Apr-17','8:30 PM','Denver Nuggets','Dallas Mavericks',77),('11-Apr-17','10:30 PM','New Orleans Pelicans','Los Angeles Lakers',78),('11-Apr-17','8:00 PM','Oklahoma City Thunder','Minnesota Timberwolves',79),('11-Apr-17','10:30 PM','Phoenix Suns','Sacramento Kings',80),('12-Apr-17','8:00 PM','Milwaukee Bucks','Boston Celtics',81),('12-Apr-17','8:00 PM','Brooklyn Nets','Chicago Bulls',82),('12-Apr-17','8:00 PM','Toronto Raptors','Cleveland Cavaliers',83),('12-Apr-17','10:30 PM','Los Angeles Lakers','Golden State Warriors',84),('12-Apr-17','8:00 PM','Minnesota Timberwolves','Houston Rockets',85),('12-Apr-17','8:00 PM','Atlanta Hawks','Indiana Pacers',86),('12-Apr-17','10:30 PM','Sacramento Kings','Los Angeles Clippers',87),('12-Apr-17','8:00 PM','Dallas Mavericks','Memphis Grizzlies',88),('12-Apr-17','8:00 PM','Washington Wizards','Miami Heat',89),('12-Apr-17','8:00 PM','Philadelphia 76ers','New York Knicks',90),('12-Apr-17','8:00 PM','Denver Nuggets','Oklahoma City Thunder',91),('12-Apr-17','8:00 PM','Detroit Pistons','Orlando Magic',92),('12-Apr-17','10:30 PM','New Orleans Pelicans','Portland Trail Blazers',93),('12-Apr-17','10:30 PM','San Antonio Spurs','Utah Jazz',94);
/*!40000 ALTER TABLE `game4` ENABLE KEYS */;
UNLOCK TABLES;

--
-- Table structure for table `player`
--

DROP TABLE IF EXISTS `player`;
/*!40101 SET @saved_cs_client     = @@character_set_client */;
/*!40101 SET character_set_client = utf8 */;
CREATE TABLE `player` (
  `Name` char(50) NOT NULL,
  `Teamname` char(50) DEFAULT NULL,
  `Points` float NOT NULL,
  `Rebounds` float NOT NULL,
  `Assists` float NOT NULL,
  PRIMARY KEY (`Name`)
) ENGINE=MyISAM DEFAULT CHARSET=latin1;
/*!40101 SET character_set_client = @saved_cs_client */;

--
-- Dumping data for table `player`
--

LOCK TABLES `player` WRITE;
/*!40000 ALTER TABLE `player` DISABLE KEYS */;
INSERT INTO `player` (`Name`, `Teamname`, `Points`, `Rebounds`, `Assists`) VALUES ('Russell Westbrook','OKC',31,10.6,10.3),('Isaiah Thomas','BOS',29.7,2.7,6.2),('James Harden','HOU',28.9,8.1,11.3),('Anthony Davis','NO',28.1,11.8,2.2),('DeMar DeRozan','TOR',27.7,5.3,3.7),('DeMarcus Cousins','NO',27.6,10.7,4.8),('Damian Lillard','POR',25.9,4.9,5.8),('Kawhi Leonard','SA',25.8,5.8,3.3),('Kevin Durant','GS',25.7,8.4,4.9),('LeBron James','CLE',25.7,7.8,8.9),('Stephen Curry','GS',24.9,4.3,6.4),('Kyrie Irving','CLE',24.6,3.3,5.9),('Jimmy Butler','CHI',24.3,6.3,5.1),('Karl-Anthony Towns','MIN',24,12.1,2.9),('Giannis Antetokounmpo','MIL',23.6,8.7,5.4),('Carmelo Anthony','NY',23.5,6,2.9),('Andrew Wiggins','MIN',23.4,4.2,2.5),('C.J. McCollum','POR',23.3,3.6,3.6),('John Wall','WAS',22.9,4.5,10.7),('Kyle Lowry','TOR',22.8,4.7,6.9),('Kemba Walker','CHA',22.7,4.1,5.4),('Bradley Beal','WAS',22.6,2.9,3.6),('Gordon Hayward','UTA',22.5,5.6,3.5),('Blake Griffin','LAC',22.3,8.7,5.1),('Klay Thompson','GS',22.1,3.7,2.1),('Paul George','IND',21.8,6.1,3.3),('Eric Bledsoe','PHO',21.3,5,6.3),('Devin Booker','PHO',21.1,2.8,3.2),('Brook Lopez','BKN',20.5,5.1,2.6),('Marc Gasol','MEM',20.5,6.2,4.4),('Goran Dragic','MIA',20.3,3.9,6.1),('Joel Embiid','PHI',20.2,7.8,2.1),('Jabari Parker','MIL',20.1,6.2,2.8),('Kevin Love','CLE',20,11.1,1.9),('Harrison Barnes','DAL',20,5.2,1.5),('Mike Conley','MEM',19.4,3.6,6.2),('Dwyane Wade','CHI',19.2,4.6,3.9),('Zach LaVine','MIN',18.9,3.4,3),('Lou Williams','HOU',18.7,2.2,3.2),('Rudy Gay','SAC',18.7,6.3,2.8),('Kristaps Porzingis','NY',18.1,7.1,1.3),('Paul Millsap','ATL',17.9,7.8,3.7),('Avery Bradley','BOS',17.7,6.9,2.4),('George Hill','UTA',17.7,3.4,4),('Derrick Rose','NY',17.6,3.9,4.4),('Danilo Gallinari','DEN',17.4,5,2.2),('Dennis Schroder','ATL',17.4,2.9,6.3),('Chris Paul','LAC',17.4,5.4,9.8),('LaMarcus Aldridge','SA',17.4,7.4,2.1),('Eric Gordon','HOU',17.2,2.6,2.7),('Hassan Whiteside','MIA',16.6,14.1,0.7),('Evan Fournier','ORL',16.6,3.3,3.3),('Tobias Harris','DET',16.3,5.1,1.6),('Dion Waiters','MIA',16.1,3.5,4.4),('Victor Oladipo','OKC',16.1,4.4,2.5),('Jrue Holiday','NO',15.9,4.1,7.4),('Wilson Chandler','DEN',15.8,6.7,2.1),('Nikola Jokic','DEN',15.6,8.9,4.4),('Myles Turner','IND',15.6,7.2,1.2),('Nicolas Batum','CHA',15.3,7,5.9),('Jeff Teague','IND',15.3,4.1,8.1),('Serge Ibaka','TOR',15.2,6.9,1.1),('Wesley Matthews','DAL',15.1,3.6,2.5),('J.J. Redick','LAC',15,2.2,1.3),('Reggie Jackson','DET',15,2.3,5.5),('Markieff Morris','WAS',14.7,6.7,1.8),('D\'Angelo Russell','LAL',14.6,3.8,4.7),('Andre Drummond','DET',14.6,13.8,1),('Kentavious Caldwell-Pope','DET',14.6,3.4,2.8),('Otto Porter','WAS',14.3,6.7,1.5),('Enes Kanter','OKC',14.3,6.8,1.1),('Nikola Vucevic','ORL',14.2,10.1,2.8),('Gary Harris','DEN',14.2,3,2.5),('Al Horford','BOS',14.2,6.6,4.9),('Zach Randolph','MEM',14.2,8.3,1.6),('Marcus Morris','DET',14.2,4.8,2.1),('Ersan Ilyasova','ATL',14.1,5.9,1.7),('Bojan Bogdanovic','WAS',14,3.5,1.6),('Jae Crowder','BOS',13.9,5.3,2.2),('Ryan Anderson','HOU',13.9,5,1),('Jordan Clarkson','LAL',13.8,2.9,2.1),('Tyler Johnson','MIA',13.8,4.2,3.3),('Dirk Nowitzki','DAL',13.8,6.2,1.6),('Will Barton','DEN',13.7,4.6,3.4),('Darren Collison','SAC',13.6,2.1,4.3),('Nick Young','LAL',13.5,2.4,1),('Sean Kilpatrick','BKN',13.3,4.1,2.3),('Rodney Hood','UTA',13.3,3.5,1.8),('Dwight Howard','ATL',13.3,12.9,1.2),('Tim Hardaway Jr.','ATL',13.1,2.5,2.1),('Jeremy Lin','BKN',13.1,2.9,5.5),('Deron Williams','DAL',13.1,2.6,6.9),('T.J. Warren','PHO',13.1,4,1),('Rudy Gobert','UTA',13,12.8,1.1),('Julius Randle','LAL',12.8,8.2,3.6),('Elfrid Payton','ORL',12.5,3.9,5.7),('Austin Rivers','LAC',12.4,2.1,2.9),('Steven Adams','OKC',12.3,8,1.1),('DeAndre Jordan','LAC',12.3,13.7,1.2),('Jonas Valanciunas','TOR',12.3,9.7,0.7),('Robert Covington','PHI',12.2,6.3,1.6),('Jamal Crawford','LAC',12.2,1.7,2.8),('J.J. Barea','DAL',12.2,2.9,4.9),('Clint Capela','HOU',12.1,7.5,0.9),('James Johnson','MIA',12.1,4.9,3.4),('Seth Curry','DAL',12,2.6,2.8),('Pau Gasol','SA',11.9,8,2.6),('Jahlil Okafor','PHI',11.8,4.9,1.1),('Trevor Ariza','HOU',11.8,5.5,2.2),('Marcin Gortat','WAS',11.8,11.3,1.6),('Emmanuel Mudiay','DEN',11.5,3.4,4.1),('Greg Monroe','MIL',11.5,6.8,2.2),('Taj Gibson','OKC',11.5,6.9,1.1),('Terrence Jones','NO',11.5,5.9,1.2),('Thaddeus Young','IND',11.3,6,1.7),('Jon Leuer','DET',11.2,5.7,1.7),('Aaron Gordon','ORL',11.2,4.6,2),('Frank Kaminsky','CHA',11.2,4.6,2.1),('Dario Saric','PHI',11.1,6.2,1.8),('Brandon Knight','PHO',11,2.2,2.4),('Marvin Williams','CHA',11,5.7,1.2),('Jerryd Bayless','PHI',11,4,4.3),('Mason Plumlee','DEN',10.9,7.9,3.9),('Justise Winslow','MIA',10.9,5.2,3.7),('Kent Bazemore','ATL',10.8,3.2,2.5),('Cody Zeller','CHA',10.8,6.5,1.4),('Wayne Ellington','MIA',10.8,2,1.3),('Maurice Harkless','POR',10.7,4.7,1),('C.J. Miles','IND',10.7,3,0.6),('Tony Parker','SA',10.7,1.9,4.9),('Marco Belinelli','CHA',10.6,2.6,1.9),('Terrence Ross','ORL',10.6,2.6,0.9),('Marcus Smart','BOS',10.6,3.9,4.5),('Josh Richardson','MIA',10.5,3.2,2.7),('Courtney Lee','NY',10.4,3.3,2.1),('Allen Crabbe','POR',10.3,2.7,1.2),('Trevor Booker','BKN',10.3,8.6,2.2),('Kyle Korver','CLE',10.3,2.9,1.8),('Gorgui Dieng','MIN',10.2,7.9,1.8),('Robin Lopez','CHI',10,6.8,0.9),('Draymond Green','GS',10,8.1,7.1),('Doug McDermott','OKC',9.9,3,1),('Gerald Henderson','PHI',9.9,2.6,1.7),('Khris Middleton','MIL',9.8,3,3.3),('Patty Mills','SA',9.8,1.8,3.3),('Tyreke Evans','SAC',9.8,3.4,3.5),('Michael Beasley','MIL',9.7,3.6,1),('Evan Turner','POR',9.7,3.8,3.4),('Marreese Speights','LAC',9.7,4.6,0.9),('Kenneth Faried','DEN',9.7,7.8,0.9),('E\'Twaun Moore','NO',9.7,2.2,2.2),('DeMarre Carroll','TOR',9.6,4,1),('Patrick Beverley','HOU',9.6,5.7,4.5),('Yogi Ferrell','DAL',9.5,2.3,3.4),('Malcolm Brogdon','MIL',9.5,2.6,4.2),('Derrick Favors','UTA',9.4,6.1,1),('Jeremy Lamb','CHA',9.4,4.4,1.1),('Jeff Green','ORL',9.4,3.1,1.2),('Tony Allen','MEM',9.3,5.7,1.2),('Channing Frye','CLE',9.3,3.8,0.7),('Kelly Olynyk','BOS',9.3,4.8,1.9),('Montrezl Harrell','HOU',9.3,3.8,1.2),('Nikola Mirotic','CHI',9.3,5.3,0.9),('Shabazz Muhammad','MIN',9.3,2.8,0.5),('Jameer Nelson','DEN',9.2,2.4,5),('Nik Stauskas','PHI',9.1,2.8,2.2),('Ricky Rubio','MIN',9.1,3.8,8.6),('JaMychal Green','MEM',9,7.4,1.2),('Jodie Meeks','ORL',8.9,2.3,1.5),('Michael Kidd-Gilchrist','CHA',8.9,7.7,1.4),('Ty Lawson','SAC',8.9,2.7,4.5),('Nerlens Noel','DAL',8.9,5.1,1),('Buddy Hield','SAC',8.8,2.9,1.4),('Jamal Murray','DEN',8.8,2.5,1.7),('Rodney Stuckey','IND',8.8,2.2,2),('Cory Joseph','TOR',8.7,2.6,2.9),('Troy Daniels','MEM',8.6,1.3,0.7),('Brandon Jennings','NY',8.6,2.6,4.9),('J.R. Smith','CLE',8.6,2.1,1.2),('Al Jefferson','IND',8.5,4.3,0.9),('Joe Harris','BKN',8.4,2.9,1.1),('Monta Ellis','IND',8.4,2.8,3.4),('Langston Galloway','SAC',8.4,2.2,1.2),('Joe Johnson','UTA',8.4,3,1.7),('Al-Farouq Aminu','POR',8.4,7.4,2.1),('Tyson Chandler','PHO',8.4,11.4,0.6),('D.J. Augustin','ORL',8.4,1.4,2.9),('Brandon Ingram','LAL',8.3,4,2),('Tim Frazier','NO',8.3,2.8,5.5),('Ish Smith','DET',8.2,2.8,5),('Nene Hilario','HOU',8.2,3.8,0.9),('Tony Snell','MIL',8.1,3.3,1.2),('Michael Carter-Williams','CHI',8.1,4.5,2.6),('Jusuf Nurkic','POR',8.1,5.9,1.4),('Rondae Hollis-Jefferson','BKN',8.1,5.3,2.1),('Vince Carter','MEM',8.1,3.2,1.8),('Tristan Thompson','CLE',8.1,9.8,0.9),('Sergio Rodriguez','PHI',7.9,2.4,5.1),('Arron Afflalo','SAC',7.8,1.9,1.2),('Marquese Chriss','PHO',7.8,3.5,0.6),('Iman Shumpert','CLE',7.7,3,1.5),('Garrett Temple','SAC',7.7,2.7,2.2),('Danny Green','SA',7.6,3.2,1.8),('Manu Ginobili','SA',7.6,2.3,2.5),('Luol Deng','LAL',7.6,5.3,1.3),('Raymond Felton','LAC',7.6,2.9,2.6),('Matt Barnes','SAC',7.6,5.4,2.8),('James Ennis III','MEM',7.5,4.1,1),('Lance Stephenson','MIN',7.5,2.5,3.2),('Thabo Sefolosha','ATL',7.5,4.2,1.5),('Timofey Mozgov','LAL',7.4,4.9,0.8),('Sam Dekker','HOU',7.4,3.8,1.1),('Justin Holiday','NY',7.4,2.9,1.1),('Alex Len','PHO',7.4,6.5,0.6),('David Lee','SA',7.3,5.6,1.6),('Matthew Dellavedova','MIL',7.3,2,5.2),('Trey Lyles','UTA',7.3,3.7,1.1),('Norman Powell','TOR',7.3,2.1,1),('Shelvin Mack','UTA',7.3,2.1,2.8),('Spencer Hawes','CHA',7.3,4.2,1.8),('Patrick Patterson','TOR',7.2,5.3,1.4),('Isaiah Whitehead','BKN',7.2,2.5,2.9),('Anthony Tolliver','SAC',7.2,3.9,1),('Spencer Dinwiddie','BKN',7.1,2.7,3),('P.J. Tucker','TOR',7,6,1.3),('Josh Huestis','OKC',7,4,1),('Caris LeVert','BKN',7,2.8,1.8),('Mike Muscala','ATL',7,3.7,1.4),('Ben McLemore','SAC',6.9,1.5,0.8),('Brandan Wright','MEM',6.9,2.6,0.1),('John Henson','MIL',6.9,5.1,1.1),('Jared Dudley','PHO',6.9,3.2,1.6),('Darrell Arthur','DEN',6.8,2.7,1.1),('Justin Hamilton','BKN',6.8,4.5,0.9),('Andre Roberson','OKC',6.8,5.2,1),('Richaun Holmes','PHI',6.8,4.4,0.8),('Larry Nance Jr.','LAL',6.7,5.6,1.5),('Dwight Powell','DAL',6.7,4.3,0.8),('Mirza Teletovic','MIL',6.7,2.4,0.7),('Willy Hernangomez','NY',6.7,6.1,1.1),('Marcus Thornton','WAS',6.6,2.3,1.2),('Derrick Williams','CLE',6.6,2.9,0.7),('Alec Burks','UTA',6.6,1.7,0.7),('Rajon Rondo','CHI',6.6,5.1,6.5),('Solomon Hill','NO',6.6,3.7,1.7),('Joe Ingles','UTA',6.5,2.9,2.4),('Delon Wright','TOR',6.5,1.3,1.3),('Ian Clark','GS',6.4,1.5,1.2),('Jonathon Simmons','SA',6.4,2.2,1.6),('Kyle O\'Quinn','NY',6.4,5.6,1.3),('Rodney McGruder','MIA',6.4,3.4,1.5),('Andre Iguodala','GS',6.4,3.9,3.5),('T.J. McConnell','PHI',6.4,3,6.2),('Glenn Robinson III','IND',6.3,3.7,0.7),('Amir Johnson','BOS',6.3,4.7,1.7),('Justin Anderson','PHI',6.3,2.9,0.6),('Dante Exum','UTA',6.2,1.9,1.7),('Devin Harris','DAL',6.2,2,1.8),('Ramon Sessions','CHA',6.2,1.5,2.6),('Jonathan Gibson','DAL',6.2,1.3,1.5),('Andrew Harrison','MEM',6.2,1.9,2.9),('Jerami Grant','OKC',6.2,2.8,0.6),('Chandler Parsons','MEM',6.2,2.4,1.6),('Kosta Koufos','SAC',6.1,5.4,0.6),('Kelly Oubre Jr.','WAS',6.1,3.3,0.6),('Willie Cauley-Stein','SAC',6.1,2.8,0.5),('JaVale McGee','GS',6.1,3.2,0.2),('Omri Casspi','NO',6.1,4,1.1),('Domantas Sabonis','OKC',6.1,3.7,1.1),('Dante Cunningham','NO',6,4.1,0.7),('Jarrett Jack','NO',6,0,4),('Bismack Biyombo','ORL',6,7.2,1),('Jordan Farmar','SAC',6,1.5,4.5),('Zaza Pachulia','GS',6,6.1,2),('Luc Richard Mbah a Moute','LAC',5.9,2.3,0.4),('Ivica Zubac','LAL',5.9,4,0.5),('Jaylen Brown','BOS',5.9,2.6,0.7),('Alex Abrines','OKC',5.8,1.2,0.5),('Anthony Morrow','OKC',5.8,0.7,0.5),('Malcolm Delaney','ATL',5.8,1.8,2.8),('Nemanja Bjelica','MIN',5.8,3.2,1.1),('Tarik Black','LAL',5.8,5.3,0.7),('Mindaugas Kuzminskas','NY',5.8,1.8,1),('Jerian Grant','CHI',5.8,1.6,1.6),('Leandro Barbosa','PHO',5.7,1.4,1.2),('Brandon Bass','LAC',5.7,2.4,0.5),('Beno Udrih','DET',5.7,1.3,3),('Terry Rozier','BOS',5.7,3,1.8),('Joffrey Lauvergne','CHI',5.6,3.6,1),('Gerald Green','BOS',5.5,1.8,0.8),('Meyers Leonard','POR',5.5,3.3,0.9),('Dewayne Dedmon','SA',5.4,6.7,0.7),('Richard Jefferson','CLE',5.3,2.4,0.9),('Willie Reed','MIA',5.3,4.8,0.3),('Cameron Payne','CHI',5.3,1.5,2),('Toney Douglas','MEM',5.3,2.8,2.4),('Hollis Thompson','NO',5.3,2.6,0.9),('Isaiah Canaan','CHI',5.3,1.4,1.1),('Troy Williams','MEM',5.3,1.8,0.8),('Chasson Randle','PHI',5.3,0.6,0.8),('Randy Foye','BKN',5.3,2.4,2.1),('Roy Hibbert','CHA',5.2,3.6,0.5),('Shaun Livingston','GS',5.2,1.9,1.7),('Mike Dunleavy','ATL',5.2,2.2,0.9),('Quincy Acy','BKN',5.1,2.2,0.1),('Luis Scola','BKN',5.1,3.9,1),('Lucas Nogueira','TOR',5.1,4.7,0.8),('Aaron Brooks','IND',5,1.1,2.1),('Archie Goodwin','NO',5,0,0.3),('Anthony Bennett','BKN',5,3.4,0.5),('Lance Thomas','NY',5,2.1,0.6),('Joakim Noah','NY',5,8.7,2.2),('Donatas Motiejunas','NO',4.9,3.4,1.2),('Jason Smith','WAS',4.9,3.2,0.3),('Cristiano Felicio','CHI',4.9,4.9,0.6),('Josh McRoberts','MIA',4.9,3.4,2.3),('Trey Burke','WAS',4.9,0.8,1.8),('Bobby Portis','CHI',4.8,3.5,0.5),('C.J. Watson','ORL',4.7,1.5,1.8),('Kris Humphries','ATL',4.7,3.4,0.5),('Luke Babbitt','MIA',4.7,2.1,0.5),('Reggie Bullock','DET',4.7,1.9,0.8),('Boris Diaw','UTA',4.7,1.9,2.2),('Cheick Diallo','NO',4.6,3.6,0.3),('Reggie Williams','NO',4.5,1,0.7),('Alexis Ajinca','NO',4.5,4.4,0.3),('Dorian Finney-Smith','DAL',4.5,2.6,0.8),('Jordan McRae','CLE',4.4,1.1,0.5),('Aron Baynes','DET',4.4,3.9,0.4),('Pascal Siakam','TOR',4.4,3.5,0.3),('Kevin Seraphin','IND',4.4,3.1,0.5),('Juancho Hernangomez','DEN',4.3,2.9,0.5),('Stanley Johnson','DET',4.3,2.3,1.3),('Ed Davis','POR',4.3,5.3,0.6),('Davis Bertans','SA',4.2,1.4,0.7),('Alan Williams','PHO',4.2,3.7,0.2),('Corey Brewer','LAL',4.2,1.9,1.1),('Mario Hezonja','ORL',4.1,1.7,0.8),('Jonas Jerebko','BOS',4.1,3.4,0.9),('David West','GS',4.1,2.8,2.1),('Paul Zipser','CHI',4.1,2.3,0.4),('Skal Labissiere','SAC',4,2.8,0.4),('Kay Felder','CLE',4,1,1.3),('Thomas Robinson','LAL',4,4.5,0.7),('Adreian Payne','MIN',4,1.7,0.3),('Okaro White','MIA',3.9,2.8,0.6),('Anthony Brown','ORL',3.9,3,0.7),('Denzel Valentine','CHI',3.9,1.7,0.9),('Taurean Prince','ATL',3.9,2.1,0.6),('Pierre Jackson','DAL',3.9,1,2.1),('Jarell Martin','MEM',3.9,3.9,0.2),('Timothe Luwawu-Cabarrot','PHI',3.8,1.4,0.8),('Tyler Zeller','BOS',3.8,2.8,0.9),('Jason Terry','MIL',3.7,1.1,1.3),('Paul Pierce','LAC',3.7,1.4,0.2),('Boban Marjanovic','DET',3.7,3.3,0.2),('Brandon Rush','MIN',3.7,1.9,0.7),('Shabazz Napier','POR',3.6,0.9,1),('Kris Dunn','MIN',3.6,2.2,2.5),('Malachi Richardson','SAC',3.6,1,0.5),('Rashad Vaughn','MIL',3.5,1.2,0.4),('Tyus Jones','MIN',3.5,1,2.3),('Thon Maker','MIL',3.4,1.7,0.2),('Wade Baldwin IV','MEM',3.4,1.4,2),('Dejounte Murray','SA',3.4,0.9,1.1),('Jared Sullinger','TOR',3.4,2.5,0.3),('Patrick McCaw','GS',3.4,1.1,0.9),('Nicolas Laprovittola','SA',3.3,0.6,1.6),('Jose Calderon','LAL',3.3,1.8,2.1),('Noah Vonleh','POR',3.3,4.2,0.2),('Darrun Hilliard','DET',3.3,1,0.9),('Dragan Bender','PHO',3.2,2.2,0.4),('Wesley Johnson','LAC',3.2,3.1,0.4),('Ron Baker','NY',3.2,1.4,1.2),('Tyler Ulis','PHO',3.2,0.7,1.4),('Alan Anderson','LAC',3.1,1,0.5),('Semaj Christon','OKC',3.1,1.4,2.2),('James Michael McAdoo','GS',3,1.5,0.4),('Kyle Anderson','SA',3,2.6,1.1),('Chinanu Onuaku','HOU',3,1.5,0.5),('Tomas Satoransky','WAS',3,1.7,1.9),('James Jones','CLE',3,0.6,0.2),('Andrew Bogut','DAL',3,8.3,1.9),('Ian Mahinmi','WAS',2.9,2.6,0.1),('Johnny O\'Bryant III','DEN',2.9,1.6,0.3),('Fred VanVleet','TOR',2.9,0.9,0.9),('DeAndre\' Bembry','ATL',2.9,1.5,0.7),('Salah Mejri','DAL',2.8,4.5,0.2),('Sheldon McClellan','WAS',2.8,1.2,0.6),('James Young','BOS',2.8,1,0.2),('DeAndre Liggins','CLE',2.8,1.6,1),('Lavoy Allen','IND',2.8,3,0.9),('Kevon Looney','GS',2.8,2.5,0.6),('K.J. McDaniels','BKN',2.7,1,0.1),('Malik Beasley','DEN',2.7,0.4,0.3),('Omer Asik','NO',2.7,5.3,0.5),('Marcelo Huertas','LAL',2.7,1,2.3),('Miles Plumlee','CHA',2.6,2,0.5),('Brian Roberts','CHA',2.6,0.9,1.2),('Christian Wood','CHA',2.6,3.2,0.4),('Chris McCullough','BKN',2.5,1.2,0.1),('Mike Scott','ATL',2.5,2.1,0.9),('Andrew Nicholson','WAS',2.5,1.2,0.3),('Jeff Withey','UTA',2.4,2.2,0.1),('Joe Young','IND',2.3,0.5,0.5),('Sasha Vujacic','NY',2.3,1.1,0.8),('Greivis Vasquez','BKN',2.3,0.7,1.7),('Jake Layman','POR',2.3,0.6,0.3),('Chris Andersen','CLE',2.3,2.6,0.4),('Maurice Ndour','NY',2.2,1.3,0),('Jakob Poeltl','TOR',2.2,2.7,0.3),('Kyle Singler','OKC',2.2,1.2,0.2),('Raul Neto','UTA',2.2,0.7,0.7),('Derrick Jones Jr.','PHO',2.1,0.6,0.3),('Gary Neal','ATL',2,0.5,0.5),('Damjan Rudez','ORL',2,0.6,0.5),('Edy Tavares','ATL',2,1,0),('Demetrius Jackson','BOS',2,0.8,0.6),('Jordan Hill','MIN',2,2.6,0),('Tyler Ennis','LAL',2,0.6,1.1),('Jordan Mickey','BOS',2,1.6,0.3),('Udonis Haslem','MIA',1.9,2.2,0.4),('Pat Connaughton','POR',1.9,1.1,0.6),('Deyonta Davis','MEM',1.9,2,0.1),('Lamar Patterson','ATL',1.8,1.4,1.2),('John Jenkins','PHO',1.8,0.3,0.3),('Cole Aldrich','MIN',1.8,2.8,0.5),('Rakeem Christmas','IND',1.8,2.3,0.1),('Nicolas Brussino','DAL',1.7,1.2,0.7),('Briante Weber','GS',1.7,0.6,0.7),('Tim Quarterman','POR',1.5,0.5,0.6),('Jarnell Stokes','DEN',1.5,1,1),('Henry Ellenson','DET',1.5,0.9,0.3),('Ronnie Price','PHO',1.5,0,0),('A.J. Hammons','DAL',1.4,1.2,0.1),('Treveon Graham','CHA',1.4,0.8,0.3),('Damian Jones','GS',1.4,1.4,0),('Diamond Stone','LAC',1.4,0.9,0),('Joel Anthony','SA',1.3,1.8,0.1),('Mike Miller','DEN',1.3,1.3,0.8),('Anderson Varejao','GS',1.3,1.9,0.7),('Bryn Forbes','SA',1.3,0.4,0.2),('Stephen Zimmerman Jr.','ORL',1.2,1.6,0.2),('Georgios Papagiannis','SAC',1.2,1,0),('Ryan Kelly','ATL',1.1,1.1,0.6),('Nick Collison','OKC',1.1,1.1,0.6),('Bobby Brown','HOU',1.1,0.3,0.1),('Marshall Plumlee','NY',1.1,2.1,0.5),('Kyle Wiltjer','HOU',1.1,0.8,0),('Mike Tobey','CHA',1,1.5,0.5),('Daniel Ochefu','WAS',1,1.1,0.1),('Georges Niang','IND',1,0.7,0.2),('Metta World Peace','LAL',1,0.5,0.3),('C.J. Wilcox','ORL',0.9,0.5,0.5),('Joel Bolomboy','UTA',0.9,1.1,0.1),('Alonzo Gee','DEN',0.8,1.1,0.5),('Steve Novak','MIL',0.6,0.4,0),('Arinze Onuaku','ORL',0.5,0.8,0.3),('John Lucas III','MIN',0.4,0,0.2),('Bruno Caboclo','TOR',0.4,0.8,0.4),('Michael Gbinije','DET',0.4,0.3,0.2),('Aaron Harrison','CHA',0.2,0.6,0.6),('Brice Johnson','LAC',0,2,0),('Danuel House','WAS',0,1,0),('R.J. Hunter','CHI',0,0.3,0);
/*!40000 ALTER TABLE `player` ENABLE KEYS */;
UNLOCK TABLES;

--
-- Table structure for table `user`
--

DROP TABLE IF EXISTS `user`;
/*!40101 SET @saved_cs_client     = @@character_set_client */;
/*!40101 SET character_set_client = utf8 */;
CREATE TABLE `user` (
  `id` int(11) NOT NULL AUTO_INCREMENT,
  `username` varchar(255) NOT NULL,
  `pwd` varchar(255) NOT NULL,
  `email` varchar(255) NOT NULL,
  `Location` varchar(50) DEFAULT NULL,
  PRIMARY KEY (`id`)
) ENGINE=MyISAM AUTO_INCREMENT=123 DEFAULT CHARSET=latin1;
/*!40101 SET character_set_client = @saved_cs_client */;

--
-- Dumping data for table `user`
--

LOCK TABLES `user` WRITE;
/*!40000 ALTER TABLE `user` DISABLE KEYS */;
INSERT INTO `user` (`id`, `username`, `pwd`, `email`, `Location`) VALUES (99,'rsun22','dalao123','dalao@qq.com',NULL),(114,'qzhu33','123456','qi.zzzhu@yahoo.com','Illinois'),(104,'demo22','123456','demo22@illinois.edu','Illinois'),(105,'demo40','8398135','demo40@illinois.edu','Illinois'),(116,'houjie','123456','hj@qq.com','Missouri'),(106,'dingcheng','123','dingcheng75@126.com','Delaware'),(107,'Victor Ouyang','123456','victoroyyb@gmail.com','Texas'),(115,'Shijing Cheng','62xs','Xihuandd@gamil.com','Hawaii'),(109,'Yekaiyu','hafuman','hufuman@gmail.com','North Dakota'),(110,'Mr.Haffman','123','hhh@gamil.com','New York'),(111,'Jielun Zhou','sbsbsb','jay@gamil.com','Oklahoma'),(112,'xtong12','123456','xtong@yahoo.com','New York'),(113,'Siwei Tang','0821','sst@yahoo.com','Illinois'),(117,'SJJ2011','2011','SJJ@gmail.com','Illinois'),(118,' rmwang7','123456',' rmwmeng@yahoo.com','NONONO'),(119,'Ruru923','1293','rr923@yahoo.com','Massachusetts'),(120,'Alex410','0410','alex410@illinois.edu','California'),(121,'demo10','5153','demo10','Alabama'),(122,'sgzh','654321','sgzh@outlook.com','Indiana');
/*!40000 ALTER TABLE `user` ENABLE KEYS */;
UNLOCK TABLES;

--
-- Dumping events for database 'staysimple_sometimesnaive_my_DB'
--

--
-- Dumping routines for database 'staysimple_sometimesnaive_my_DB'
--
/*!40103 SET TIME_ZONE=@OLD_TIME_ZONE */;

/*!40101 SET SQL_MODE=@OLD_SQL_MODE */;
/*!40014 SET FOREIGN_KEY_CHECKS=@OLD_FOREIGN_KEY_CHECKS */;
/*!40014 SET UNIQUE_CHECKS=@OLD_UNIQUE_CHECKS */;
/*!40101 SET CHARACTER_SET_CLIENT=@OLD_CHARACTER_SET_CLIENT */;
/*!40101 SET CHARACTER_SET_RESULTS=@OLD_CHARACTER_SET_RESULTS */;
/*!40101 SET COLLATION_CONNECTION=@OLD_COLLATION_CONNECTION */;
/*!40111 SET SQL_NOTES=@OLD_SQL_NOTES */;

-- Dump completed on 2017-04-25 21:13:08
